[{"id":"http:\/\/asn.jesandco.org\/resources\/S1136B7C","asn_identifier":"http:\/\/purl.org\/ASN\/resources\/S1136B7C","text":"Goal 1: Functions and Algebra&lt;br \/&gt;The student will demonstrate the ability to investigate, interpret, and communicate solutions to mathematical and real-world problems using patterns, functions, and algebra.","dcterms_description":{"literal":"Goal 1: Functions and Algebra&lt;br \/&gt;The student will demonstrate the ability to investigate, interpret, and communicate solutions to mathematical and real-world problems using patterns, functions, and algebra.","language":"en-US"},"asn_authorityStatus":{"uri":"http:\/\/purl.org\/ASN\/scheme\/ASNAuthorityStatus\/Original","prefLabel":"Original"},"dcterms_language":{"uri":"http:\/\/id.loc.gov\/vocabulary\/iso639-2\/eng","prefLabel":"English"},"asn_indexingStatus":{"uri":"http:\/\/purl.org\/ASN\/scheme\/ASNIndexingStatus\/Yes","prefLabel":"Yes"},"dcterms_subject":{"uri":"http:\/\/purl.org\/ASN\/scheme\/ASNTopic\/math","prefLabel":"Math"},"dcterms_educationLevel":[{"uri":"http:\/\/purl.org\/ASN\/scheme\/ASNEducationLevel\/9","prefLabel":"9"},{"uri":"http:\/\/purl.org\/ASN\/scheme\/ASNEducationLevel\/10","prefLabel":"10"},{"uri":"http:\/\/purl.org\/ASN\/scheme\/ASNEducationLevel\/11","prefLabel":"11"},{"uri":"http:\/\/purl.org\/ASN\/scheme\/ASNEducationLevel\/12","prefLabel":"12"}],"cls":"folder","children":[{"id":"http:\/\/asn.jesandco.org\/resources\/S1136B7F","asn_identifier":"http:\/\/purl.org\/ASN\/resources\/S1136B7F","text":"1.1 Expectation: The student will analyze a wide variety of patterns and functional relationships using the language of mathematics and appropriate technology.","dcterms_description":{"literal":"1.1 Expectation: The student will analyze a wide variety of patterns and functional relationships using the language of mathematics and appropriate technology.","language":"en-US"},"asn_authorityStatus":{"uri":"http:\/\/purl.org\/ASN\/scheme\/ASNAuthorityStatus\/Original","prefLabel":"Original"},"dcterms_language":{"uri":"http:\/\/id.loc.gov\/vocabulary\/iso639-2\/eng","prefLabel":"English"},"asn_indexingStatus":{"uri":"http:\/\/purl.org\/ASN\/scheme\/ASNIndexingStatus\/Yes","prefLabel":"Yes"},"dcterms_subject":{"uri":"http:\/\/purl.org\/ASN\/scheme\/ASNTopic\/math","prefLabel":"Math"},"dcterms_educationLevel":[{"uri":"http:\/\/purl.org\/ASN\/scheme\/ASNEducationLevel\/9","prefLabel":"9"},{"uri":"http:\/\/purl.org\/ASN\/scheme\/ASNEducationLevel\/10","prefLabel":"10"},{"uri":"http:\/\/purl.org\/ASN\/scheme\/ASNEducationLevel\/11","prefLabel":"11"},{"uri":"http:\/\/purl.org\/ASN\/scheme\/ASNEducationLevel\/12","prefLabel":"12"}],"cls":"folder","children":[{"id":"http:\/\/asn.jesandco.org\/resources\/S1136B9A","asn_identifier":"http:\/\/purl.org\/ASN\/resources\/S1136B9A","text":"The student will recognize, describe, and\/or extend patterns and functional relationships that are expressed numerically, algebraically, and\/or geometrically.","dcterms_description":{"literal":"The student will recognize, describe, and\/or extend patterns and functional relationships that are expressed numerically, algebraically, and\/or geometrically.","language":"en-US"},"asn_authorityStatus":{"uri":"http:\/\/purl.org\/ASN\/scheme\/ASNAuthorityStatus\/Original","prefLabel":"Original"},"dcterms_language":{"uri":"http:\/\/id.loc.gov\/vocabulary\/iso639-2\/eng","prefLabel":"English"},"asn_statementNotation":"1.1.1","asn_indexingStatus":{"uri":"http:\/\/purl.org\/ASN\/scheme\/ASNIndexingStatus\/Yes","prefLabel":"Yes"},"dcterms_subject":{"uri":"http:\/\/purl.org\/ASN\/scheme\/ASNTopic\/math","prefLabel":"Math"},"dcterms_educationLevel":[{"uri":"http:\/\/purl.org\/ASN\/scheme\/ASNEducationLevel\/9","prefLabel":"9"},{"uri":"http:\/\/purl.org\/ASN\/scheme\/ASNEducationLevel\/10","prefLabel":"10"},{"uri":"http:\/\/purl.org\/ASN\/scheme\/ASNEducationLevel\/11","prefLabel":"11"},{"uri":"http:\/\/purl.org\/ASN\/scheme\/ASNEducationLevel\/12","prefLabel":"12"}],"leaf":"true"},{"id":"http:\/\/asn.jesandco.org\/resources\/S1136B9B","asn_identifier":"http:\/\/purl.org\/ASN\/resources\/S1136B9B","text":"The student will represent patterns and\/or functional relationships in a table, as a graph, and\/or by mathematical expression.","dcterms_description":{"literal":"The student will represent patterns and\/or functional relationships in a table, as a graph, and\/or by mathematical expression.","language":"en-US"},"asn_authorityStatus":{"uri":"http:\/\/purl.org\/ASN\/scheme\/ASNAuthorityStatus\/Original","prefLabel":"Original"},"dcterms_language":{"uri":"http:\/\/id.loc.gov\/vocabulary\/iso639-2\/eng","prefLabel":"English"},"asn_statementNotation":"1.1.2","asn_indexingStatus":{"uri":"http:\/\/purl.org\/ASN\/scheme\/ASNIndexingStatus\/Yes","prefLabel":"Yes"},"dcterms_subject":{"uri":"http:\/\/purl.org\/ASN\/scheme\/ASNTopic\/math","prefLabel":"Math"},"dcterms_educationLevel":[{"uri":"http:\/\/purl.org\/ASN\/scheme\/ASNEducationLevel\/9","prefLabel":"9"},{"uri":"http:\/\/purl.org\/ASN\/scheme\/ASNEducationLevel\/10","prefLabel":"10"},{"uri":"http:\/\/purl.org\/ASN\/scheme\/ASNEducationLevel\/11","prefLabel":"11"},{"uri":"http:\/\/purl.org\/ASN\/scheme\/ASNEducationLevel\/12","prefLabel":"12"}],"leaf":"true"},{"id":"http:\/\/asn.jesandco.org\/resources\/S1136B9C","asn_identifier":"http:\/\/purl.org\/ASN\/resources\/S1136B9C","text":"The student will apply addition, subtraction, multiplication, and\/or division of algebraic expressions to mathematical and real-world problems.","dcterms_description":{"literal":"The student will apply addition, subtraction, multiplication, and\/or division of algebraic expressions to mathematical and real-world problems.","language":"en-US"},"asn_authorityStatus":{"uri":"http:\/\/purl.org\/ASN\/scheme\/ASNAuthorityStatus\/Original","prefLabel":"Original"},"dcterms_language":{"uri":"http:\/\/id.loc.gov\/vocabulary\/iso639-2\/eng","prefLabel":"English"},"asn_statementNotation":"1.1.3","asn_indexingStatus":{"uri":"http:\/\/purl.org\/ASN\/scheme\/ASNIndexingStatus\/Yes","prefLabel":"Yes"},"dcterms_subject":{"uri":"http:\/\/purl.org\/ASN\/scheme\/ASNTopic\/math","prefLabel":"Math"},"dcterms_educationLevel":[{"uri":"http:\/\/purl.org\/ASN\/scheme\/ASNEducationLevel\/9","prefLabel":"9"},{"uri":"http:\/\/purl.org\/ASN\/scheme\/ASNEducationLevel\/10","prefLabel":"10"},{"uri":"http:\/\/purl.org\/ASN\/scheme\/ASNEducationLevel\/11","prefLabel":"11"},{"uri":"http:\/\/purl.org\/ASN\/scheme\/ASNEducationLevel\/12","prefLabel":"12"}],"leaf":"true"},{"id":"http:\/\/asn.jesandco.org\/resources\/S1136B9D","asn_identifier":"http:\/\/purl.org\/ASN\/resources\/S1136B9D","text":"The student will describe the graph of a non-linear function and discuss its appearance in terms of the basic concepts of maxima and minima, zeros (roots), rate of change, domain and range, and continuity.","dcterms_description":{"literal":"The student will describe the graph of a non-linear function and discuss its appearance in terms of the basic concepts of maxima and minima, zeros (roots), rate of change, domain and range, and continuity.","language":"en-US"},"asn_authorityStatus":{"uri":"http:\/\/purl.org\/ASN\/scheme\/ASNAuthorityStatus\/Original","prefLabel":"Original"},"dcterms_language":{"uri":"http:\/\/id.loc.gov\/vocabulary\/iso639-2\/eng","prefLabel":"English"},"asn_statementNotation":"1.1.4","asn_indexingStatus":{"uri":"http:\/\/purl.org\/ASN\/scheme\/ASNIndexingStatus\/Yes","prefLabel":"Yes"},"dcterms_subject":{"uri":"http:\/\/purl.org\/ASN\/scheme\/ASNTopic\/math","prefLabel":"Math"},"dcterms_educationLevel":[{"uri":"http:\/\/purl.org\/ASN\/scheme\/ASNEducationLevel\/9","prefLabel":"9"},{"uri":"http:\/\/purl.org\/ASN\/scheme\/ASNEducationLevel\/10","prefLabel":"10"},{"uri":"http:\/\/purl.org\/ASN\/scheme\/ASNEducationLevel\/11","prefLabel":"11"},{"uri":"http:\/\/purl.org\/ASN\/scheme\/ASNEducationLevel\/12","prefLabel":"12"}],"leaf":"true"}]},{"id":"http:\/\/asn.jesandco.org\/resources\/S1136B80","asn_identifier":"http:\/\/purl.org\/ASN\/resources\/S1136B80","text":"1.2 Expectation: The student will model and interpret real-world situations using the language of mathematics and appropriate technology.","dcterms_description":{"literal":"1.2 Expectation: The student will model and interpret real-world situations using the language of mathematics and appropriate technology.","language":"en-US"},"asn_authorityStatus":{"uri":"http:\/\/purl.org\/ASN\/scheme\/ASNAuthorityStatus\/Original","prefLabel":"Original"},"dcterms_language":{"uri":"http:\/\/id.loc.gov\/vocabulary\/iso639-2\/eng","prefLabel":"English"},"asn_indexingStatus":{"uri":"http:\/\/purl.org\/ASN\/scheme\/ASNIndexingStatus\/Yes","prefLabel":"Yes"},"dcterms_subject":{"uri":"http:\/\/purl.org\/ASN\/scheme\/ASNTopic\/math","prefLabel":"Math"},"dcterms_educationLevel":[{"uri":"http:\/\/purl.org\/ASN\/scheme\/ASNEducationLevel\/9","prefLabel":"9"},{"uri":"http:\/\/purl.org\/ASN\/scheme\/ASNEducationLevel\/10","prefLabel":"10"},{"uri":"http:\/\/purl.org\/ASN\/scheme\/ASNEducationLevel\/11","prefLabel":"11"},{"uri":"http:\/\/purl.org\/ASN\/scheme\/ASNEducationLevel\/12","prefLabel":"12"}],"cls":"folder","children":[{"id":"http:\/\/asn.jesandco.org\/resources\/S1136B95","asn_identifier":"http:\/\/purl.org\/ASN\/resources\/S1136B95","text":"The student will determine the equation for a line, solve linear equations, and\/or describe the solutions using numbers, symbols, and\/or graphs.","dcterms_description":{"literal":"The student will determine the equation for a line, solve linear equations, and\/or describe the solutions using numbers, symbols, and\/or graphs.","language":"en-US"},"asn_authorityStatus":{"uri":"http:\/\/purl.org\/ASN\/scheme\/ASNAuthorityStatus\/Original","prefLabel":"Original"},"dcterms_language":{"uri":"http:\/\/id.loc.gov\/vocabulary\/iso639-2\/eng","prefLabel":"English"},"asn_statementNotation":"1.2.1","asn_indexingStatus":{"uri":"http:\/\/purl.org\/ASN\/scheme\/ASNIndexingStatus\/Yes","prefLabel":"Yes"},"dcterms_subject":{"uri":"http:\/\/purl.org\/ASN\/scheme\/ASNTopic\/math","prefLabel":"Math"},"dcterms_educationLevel":[{"uri":"http:\/\/purl.org\/ASN\/scheme\/ASNEducationLevel\/9","prefLabel":"9"},{"uri":"http:\/\/purl.org\/ASN\/scheme\/ASNEducationLevel\/10","prefLabel":"10"},{"uri":"http:\/\/purl.org\/ASN\/scheme\/ASNEducationLevel\/11","prefLabel":"11"},{"uri":"http:\/\/purl.org\/ASN\/scheme\/ASNEducationLevel\/12","prefLabel":"12"}],"leaf":"true"},{"id":"http:\/\/asn.jesandco.org\/resources\/S1136B96","asn_identifier":"http:\/\/purl.org\/ASN\/resources\/S1136B96","text":"The student will solve linear inequalities and describe the solutions using numbers, symbols, and\/or graphs.","dcterms_description":{"literal":"The student will solve linear inequalities and describe the solutions using numbers, symbols, and\/or graphs.","language":"en-US"},"asn_authorityStatus":{"uri":"http:\/\/purl.org\/ASN\/scheme\/ASNAuthorityStatus\/Original","prefLabel":"Original"},"dcterms_language":{"uri":"http:\/\/id.loc.gov\/vocabulary\/iso639-2\/eng","prefLabel":"English"},"asn_statementNotation":"1.2.2","asn_indexingStatus":{"uri":"http:\/\/purl.org\/ASN\/scheme\/ASNIndexingStatus\/Yes","prefLabel":"Yes"},"dcterms_subject":{"uri":"http:\/\/purl.org\/ASN\/scheme\/ASNTopic\/math","prefLabel":"Math"},"dcterms_educationLevel":[{"uri":"http:\/\/purl.org\/ASN\/scheme\/ASNEducationLevel\/9","prefLabel":"9"},{"uri":"http:\/\/purl.org\/ASN\/scheme\/ASNEducationLevel\/10","prefLabel":"10"},{"uri":"http:\/\/purl.org\/ASN\/scheme\/ASNEducationLevel\/11","prefLabel":"11"},{"uri":"http:\/\/purl.org\/ASN\/scheme\/ASNEducationLevel\/12","prefLabel":"12"}],"leaf":"true"},{"id":"http:\/\/asn.jesandco.org\/resources\/S1136B97","asn_identifier":"http:\/\/purl.org\/ASN\/resources\/S1136B97","text":"The student will solve and describe using numbers, symbols, and\/or graphs if and where two straight lines intersect.","dcterms_description":{"literal":"The student will solve and describe using numbers, symbols, and\/or graphs if and where two straight lines intersect.","language":"en-US"},"asn_authorityStatus":{"uri":"http:\/\/purl.org\/ASN\/scheme\/ASNAuthorityStatus\/Original","prefLabel":"Original"},"dcterms_language":{"uri":"http:\/\/id.loc.gov\/vocabulary\/iso639-2\/eng","prefLabel":"English"},"asn_statementNotation":"1.2.3","asn_indexingStatus":{"uri":"http:\/\/purl.org\/ASN\/scheme\/ASNIndexingStatus\/Yes","prefLabel":"Yes"},"dcterms_subject":{"uri":"http:\/\/purl.org\/ASN\/scheme\/ASNTopic\/math","prefLabel":"Math"},"dcterms_educationLevel":[{"uri":"http:\/\/purl.org\/ASN\/scheme\/ASNEducationLevel\/9","prefLabel":"9"},{"uri":"http:\/\/purl.org\/ASN\/scheme\/ASNEducationLevel\/10","prefLabel":"10"},{"uri":"http:\/\/purl.org\/ASN\/scheme\/ASNEducationLevel\/11","prefLabel":"11"},{"uri":"http:\/\/purl.org\/ASN\/scheme\/ASNEducationLevel\/12","prefLabel":"12"}],"leaf":"true"},{"id":"http:\/\/asn.jesandco.org\/resources\/S1136B98","asn_identifier":"http:\/\/purl.org\/ASN\/resources\/S1136B98","text":"The student will describe how the graphical model of a non-linear function represents a given problem and will estimate the solution.","dcterms_description":{"literal":"The student will describe how the graphical model of a non-linear function represents a given problem and will estimate the solution.","language":"en-US"},"asn_authorityStatus":{"uri":"http:\/\/purl.org\/ASN\/scheme\/ASNAuthorityStatus\/Original","prefLabel":"Original"},"dcterms_language":{"uri":"http:\/\/id.loc.gov\/vocabulary\/iso639-2\/eng","prefLabel":"English"},"asn_statementNotation":"1.2.4","asn_indexingStatus":{"uri":"http:\/\/purl.org\/ASN\/scheme\/ASNIndexingStatus\/Yes","prefLabel":"Yes"},"dcterms_subject":{"uri":"http:\/\/purl.org\/ASN\/scheme\/ASNTopic\/math","prefLabel":"Math"},"dcterms_educationLevel":[{"uri":"http:\/\/purl.org\/ASN\/scheme\/ASNEducationLevel\/9","prefLabel":"9"},{"uri":"http:\/\/purl.org\/ASN\/scheme\/ASNEducationLevel\/10","prefLabel":"10"},{"uri":"http:\/\/purl.org\/ASN\/scheme\/ASNEducationLevel\/11","prefLabel":"11"},{"uri":"http:\/\/purl.org\/ASN\/scheme\/ASNEducationLevel\/12","prefLabel":"12"}],"leaf":"true"},{"id":"http:\/\/asn.jesandco.org\/resources\/S1136B99","asn_identifier":"http:\/\/purl.org\/ASN\/resources\/S1136B99","text":"The student will apply formulas and\/or use matrices (arrays of numbers) to solve real-world problems.","dcterms_description":{"literal":"The student will apply formulas and\/or use matrices (arrays of numbers) to solve real-world problems.","language":"en-US"},"asn_authorityStatus":{"uri":"http:\/\/purl.org\/ASN\/scheme\/ASNAuthorityStatus\/Original","prefLabel":"Original"},"dcterms_language":{"uri":"http:\/\/id.loc.gov\/vocabulary\/iso639-2\/eng","prefLabel":"English"},"asn_statementNotation":"1.2.5","asn_indexingStatus":{"uri":"http:\/\/purl.org\/ASN\/scheme\/ASNIndexingStatus\/Yes","prefLabel":"Yes"},"dcterms_subject":{"uri":"http:\/\/purl.org\/ASN\/scheme\/ASNTopic\/math","prefLabel":"Math"},"dcterms_educationLevel":[{"uri":"http:\/\/purl.org\/ASN\/scheme\/ASNEducationLevel\/9","prefLabel":"9"},{"uri":"http:\/\/purl.org\/ASN\/scheme\/ASNEducationLevel\/10","prefLabel":"10"},{"uri":"http:\/\/purl.org\/ASN\/scheme\/ASNEducationLevel\/11","prefLabel":"11"},{"uri":"http:\/\/purl.org\/ASN\/scheme\/ASNEducationLevel\/12","prefLabel":"12"}],"leaf":"true"}]}]},{"id":"http:\/\/asn.jesandco.org\/resources\/S1136B7D","asn_identifier":"http:\/\/purl.org\/ASN\/resources\/S1136B7D","text":"Goal 2: Geometry, Measurement, and Reasoning&lt;br \/&gt; The student will demonstrate the ability to solve mathematical and realworld problems using measurement and geometric models and will justify solutions and explain processes used.","dcterms_description":{"literal":"Goal 2: Geometry, Measurement, and Reasoning&lt;br \/&gt; The student will demonstrate the ability to solve mathematical and realworld problems using measurement and geometric models and will justify solutions and explain processes used.","language":"en-US"},"asn_authorityStatus":{"uri":"http:\/\/purl.org\/ASN\/scheme\/ASNAuthorityStatus\/Original","prefLabel":"Original"},"dcterms_language":{"uri":"http:\/\/id.loc.gov\/vocabulary\/iso639-2\/eng","prefLabel":"English"},"asn_indexingStatus":{"uri":"http:\/\/purl.org\/ASN\/scheme\/ASNIndexingStatus\/Yes","prefLabel":"Yes"},"dcterms_subject":{"uri":"http:\/\/purl.org\/ASN\/scheme\/ASNTopic\/math","prefLabel":"Math"},"dcterms_educationLevel":[{"uri":"http:\/\/purl.org\/ASN\/scheme\/ASNEducationLevel\/9","prefLabel":"9"},{"uri":"http:\/\/purl.org\/ASN\/scheme\/ASNEducationLevel\/10","prefLabel":"10"},{"uri":"http:\/\/purl.org\/ASN\/scheme\/ASNEducationLevel\/11","prefLabel":"11"},{"uri":"http:\/\/purl.org\/ASN\/scheme\/ASNEducationLevel\/12","prefLabel":"12"}],"cls":"folder","children":[{"id":"http:\/\/asn.jesandco.org\/resources\/S1136B81","asn_identifier":"http:\/\/purl.org\/ASN\/resources\/S1136B81","text":"2.1 Expectation: The student will represent and analyze two-and three-dimensional figures using tools and technology when appropriate.","dcterms_description":{"literal":"2.1 Expectation: The student will represent and analyze two-and three-dimensional figures using tools and technology when appropriate.","language":"en-US"},"asn_authorityStatus":{"uri":"http:\/\/purl.org\/ASN\/scheme\/ASNAuthorityStatus\/Original","prefLabel":"Original"},"dcterms_language":{"uri":"http:\/\/id.loc.gov\/vocabulary\/iso639-2\/eng","prefLabel":"English"},"asn_indexingStatus":{"uri":"http:\/\/purl.org\/ASN\/scheme\/ASNIndexingStatus\/Yes","prefLabel":"Yes"},"dcterms_subject":{"uri":"http:\/\/purl.org\/ASN\/scheme\/ASNTopic\/math","prefLabel":"Math"},"dcterms_educationLevel":[{"uri":"http:\/\/purl.org\/ASN\/scheme\/ASNEducationLevel\/9","prefLabel":"9"},{"uri":"http:\/\/purl.org\/ASN\/scheme\/ASNEducationLevel\/10","prefLabel":"10"},{"uri":"http:\/\/purl.org\/ASN\/scheme\/ASNEducationLevel\/11","prefLabel":"11"},{"uri":"http:\/\/purl.org\/ASN\/scheme\/ASNEducationLevel\/12","prefLabel":"12"}],"cls":"folder","children":[{"id":"http:\/\/asn.jesandco.org\/resources\/S1136B91","asn_identifier":"http:\/\/purl.org\/ASN\/resources\/S1136B91","text":"The student will analyze the properties of geometric figures.","dcterms_description":{"literal":"The student will analyze the properties of geometric figures.","language":"en-US"},"asn_authorityStatus":{"uri":"http:\/\/purl.org\/ASN\/scheme\/ASNAuthorityStatus\/Original","prefLabel":"Original"},"dcterms_language":{"uri":"http:\/\/id.loc.gov\/vocabulary\/iso639-2\/eng","prefLabel":"English"},"asn_statementNotation":"2.1.1","asn_indexingStatus":{"uri":"http:\/\/purl.org\/ASN\/scheme\/ASNIndexingStatus\/Yes","prefLabel":"Yes"},"dcterms_subject":{"uri":"http:\/\/purl.org\/ASN\/scheme\/ASNTopic\/math","prefLabel":"Math"},"dcterms_educationLevel":[{"uri":"http:\/\/purl.org\/ASN\/scheme\/ASNEducationLevel\/9","prefLabel":"9"},{"uri":"http:\/\/purl.org\/ASN\/scheme\/ASNEducationLevel\/10","prefLabel":"10"},{"uri":"http:\/\/purl.org\/ASN\/scheme\/ASNEducationLevel\/11","prefLabel":"11"},{"uri":"http:\/\/purl.org\/ASN\/scheme\/ASNEducationLevel\/12","prefLabel":"12"}],"leaf":"true"},{"id":"http:\/\/asn.jesandco.org\/resources\/S1136B92","asn_identifier":"http:\/\/purl.org\/ASN\/resources\/S1136B92","text":"The student will identify and\/or verify properties of geometric figures using the coordinate plane and concepts from algebra.","dcterms_description":{"literal":"The student will identify and\/or verify properties of geometric figures using the coordinate plane and concepts from algebra.","language":"en-US"},"asn_authorityStatus":{"uri":"http:\/\/purl.org\/ASN\/scheme\/ASNAuthorityStatus\/Original","prefLabel":"Original"},"dcterms_language":{"uri":"http:\/\/id.loc.gov\/vocabulary\/iso639-2\/eng","prefLabel":"English"},"asn_statementNotation":"2.1.2","asn_indexingStatus":{"uri":"http:\/\/purl.org\/ASN\/scheme\/ASNIndexingStatus\/Yes","prefLabel":"Yes"},"dcterms_subject":{"uri":"http:\/\/purl.org\/ASN\/scheme\/ASNTopic\/math","prefLabel":"Math"},"dcterms_educationLevel":[{"uri":"http:\/\/purl.org\/ASN\/scheme\/ASNEducationLevel\/9","prefLabel":"9"},{"uri":"http:\/\/purl.org\/ASN\/scheme\/ASNEducationLevel\/10","prefLabel":"10"},{"uri":"http:\/\/purl.org\/ASN\/scheme\/ASNEducationLevel\/11","prefLabel":"11"},{"uri":"http:\/\/purl.org\/ASN\/scheme\/ASNEducationLevel\/12","prefLabel":"12"}],"leaf":"true"},{"id":"http:\/\/asn.jesandco.org\/resources\/S1136B93","asn_identifier":"http:\/\/purl.org\/ASN\/resources\/S1136B93","text":"The student will use transformations to move figures, create designs, and\/or demonstrate geometric properties.","dcterms_description":{"literal":"The student will use transformations to move figures, create designs, and\/or demonstrate geometric properties.","language":"en-US"},"asn_authorityStatus":{"uri":"http:\/\/purl.org\/ASN\/scheme\/ASNAuthorityStatus\/Original","prefLabel":"Original"},"dcterms_language":{"uri":"http:\/\/id.loc.gov\/vocabulary\/iso639-2\/eng","prefLabel":"English"},"asn_statementNotation":"2.1.3","asn_indexingStatus":{"uri":"http:\/\/purl.org\/ASN\/scheme\/ASNIndexingStatus\/Yes","prefLabel":"Yes"},"dcterms_subject":{"uri":"http:\/\/purl.org\/ASN\/scheme\/ASNTopic\/math","prefLabel":"Math"},"dcterms_educationLevel":[{"uri":"http:\/\/purl.org\/ASN\/scheme\/ASNEducationLevel\/9","prefLabel":"9"},{"uri":"http:\/\/purl.org\/ASN\/scheme\/ASNEducationLevel\/10","prefLabel":"10"},{"uri":"http:\/\/purl.org\/ASN\/scheme\/ASNEducationLevel\/11","prefLabel":"11"},{"uri":"http:\/\/purl.org\/ASN\/scheme\/ASNEducationLevel\/12","prefLabel":"12"}],"leaf":"true"},{"id":"http:\/\/asn.jesandco.org\/resources\/S1136B94","asn_identifier":"http:\/\/purl.org\/ASN\/resources\/S1136B94","text":"The student will construct and\/or draw and\/or validate properties of geometric figures using appropriate tools and technology.","dcterms_description":{"literal":"The student will construct and\/or draw and\/or validate properties of geometric figures using appropriate tools and technology.","language":"en-US"},"asn_authorityStatus":{"uri":"http:\/\/purl.org\/ASN\/scheme\/ASNAuthorityStatus\/Original","prefLabel":"Original"},"dcterms_language":{"uri":"http:\/\/id.loc.gov\/vocabulary\/iso639-2\/eng","prefLabel":"English"},"asn_statementNotation":"2.1.4","asn_indexingStatus":{"uri":"http:\/\/purl.org\/ASN\/scheme\/ASNIndexingStatus\/Yes","prefLabel":"Yes"},"dcterms_subject":{"uri":"http:\/\/purl.org\/ASN\/scheme\/ASNTopic\/math","prefLabel":"Math"},"dcterms_educationLevel":[{"uri":"http:\/\/purl.org\/ASN\/scheme\/ASNEducationLevel\/9","prefLabel":"9"},{"uri":"http:\/\/purl.org\/ASN\/scheme\/ASNEducationLevel\/10","prefLabel":"10"},{"uri":"http:\/\/purl.org\/ASN\/scheme\/ASNEducationLevel\/11","prefLabel":"11"},{"uri":"http:\/\/purl.org\/ASN\/scheme\/ASNEducationLevel\/12","prefLabel":"12"}],"leaf":"true"}]},{"id":"http:\/\/asn.jesandco.org\/resources\/S1136B82","asn_identifier":"http:\/\/purl.org\/ASN\/resources\/S1136B82","text":"2.2 Expectation: The student will apply geometric properties and relationships to solve problems using tools and technology when appropriate.","dcterms_description":{"literal":"2.2 Expectation: The student will apply geometric properties and relationships to solve problems using tools and technology when appropriate.","language":"en-US"},"asn_authorityStatus":{"uri":"http:\/\/purl.org\/ASN\/scheme\/ASNAuthorityStatus\/Original","prefLabel":"Original"},"dcterms_language":{"uri":"http:\/\/id.loc.gov\/vocabulary\/iso639-2\/eng","prefLabel":"English"},"asn_indexingStatus":{"uri":"http:\/\/purl.org\/ASN\/scheme\/ASNIndexingStatus\/Yes","prefLabel":"Yes"},"dcterms_subject":{"uri":"http:\/\/purl.org\/ASN\/scheme\/ASNTopic\/math","prefLabel":"Math"},"dcterms_educationLevel":[{"uri":"http:\/\/purl.org\/ASN\/scheme\/ASNEducationLevel\/9","prefLabel":"9"},{"uri":"http:\/\/purl.org\/ASN\/scheme\/ASNEducationLevel\/10","prefLabel":"10"},{"uri":"http:\/\/purl.org\/ASN\/scheme\/ASNEducationLevel\/11","prefLabel":"11"},{"uri":"http:\/\/purl.org\/ASN\/scheme\/ASNEducationLevel\/12","prefLabel":"12"}],"cls":"folder","children":[{"id":"http:\/\/asn.jesandco.org\/resources\/S1136B8E","asn_identifier":"http:\/\/purl.org\/ASN\/resources\/S1136B8E","text":"The student will identify and\/or verify congruent and similar figures and\/or apply equality or proportionality of their corresponding parts.","dcterms_description":{"literal":"The student will identify and\/or verify congruent and similar figures and\/or apply equality or proportionality of their corresponding parts.","language":"en-US"},"asn_authorityStatus":{"uri":"http:\/\/purl.org\/ASN\/scheme\/ASNAuthorityStatus\/Original","prefLabel":"Original"},"dcterms_language":{"uri":"http:\/\/id.loc.gov\/vocabulary\/iso639-2\/eng","prefLabel":"English"},"asn_statementNotation":"2.2.1","asn_indexingStatus":{"uri":"http:\/\/purl.org\/ASN\/scheme\/ASNIndexingStatus\/Yes","prefLabel":"Yes"},"dcterms_subject":{"uri":"http:\/\/purl.org\/ASN\/scheme\/ASNTopic\/math","prefLabel":"Math"},"dcterms_educationLevel":[{"uri":"http:\/\/purl.org\/ASN\/scheme\/ASNEducationLevel\/9","prefLabel":"9"},{"uri":"http:\/\/purl.org\/ASN\/scheme\/ASNEducationLevel\/10","prefLabel":"10"},{"uri":"http:\/\/purl.org\/ASN\/scheme\/ASNEducationLevel\/11","prefLabel":"11"},{"uri":"http:\/\/purl.org\/ASN\/scheme\/ASNEducationLevel\/12","prefLabel":"12"}],"leaf":"true"},{"id":"http:\/\/asn.jesandco.org\/resources\/S1136B8F","asn_identifier":"http:\/\/purl.org\/ASN\/resources\/S1136B8F","text":"The student will solve problems using two-dimensional figures and\/or right-triangle trigonometry.","dcterms_description":{"literal":"The student will solve problems using two-dimensional figures and\/or right-triangle trigonometry.","language":"en-US"},"asn_authorityStatus":{"uri":"http:\/\/purl.org\/ASN\/scheme\/ASNAuthorityStatus\/Original","prefLabel":"Original"},"dcterms_language":{"uri":"http:\/\/id.loc.gov\/vocabulary\/iso639-2\/eng","prefLabel":"English"},"asn_statementNotation":"2.2.2","asn_indexingStatus":{"uri":"http:\/\/purl.org\/ASN\/scheme\/ASNIndexingStatus\/Yes","prefLabel":"Yes"},"dcterms_subject":{"uri":"http:\/\/purl.org\/ASN\/scheme\/ASNTopic\/math","prefLabel":"Math"},"dcterms_educationLevel":[{"uri":"http:\/\/purl.org\/ASN\/scheme\/ASNEducationLevel\/9","prefLabel":"9"},{"uri":"http:\/\/purl.org\/ASN\/scheme\/ASNEducationLevel\/10","prefLabel":"10"},{"uri":"http:\/\/purl.org\/ASN\/scheme\/ASNEducationLevel\/11","prefLabel":"11"},{"uri":"http:\/\/purl.org\/ASN\/scheme\/ASNEducationLevel\/12","prefLabel":"12"}],"leaf":"true"},{"id":"http:\/\/asn.jesandco.org\/resources\/S1136B90","asn_identifier":"http:\/\/purl.org\/ASN\/resources\/S1136B90","text":"The student will use inductive or deductive reasoning.","dcterms_description":{"literal":"The student will use inductive or deductive reasoning.","language":"en-US"},"asn_authorityStatus":{"uri":"http:\/\/purl.org\/ASN\/scheme\/ASNAuthorityStatus\/Original","prefLabel":"Original"},"dcterms_language":{"uri":"http:\/\/id.loc.gov\/vocabulary\/iso639-2\/eng","prefLabel":"English"},"asn_statementNotation":"2.2.3","asn_indexingStatus":{"uri":"http:\/\/purl.org\/ASN\/scheme\/ASNIndexingStatus\/Yes","prefLabel":"Yes"},"dcterms_subject":{"uri":"http:\/\/purl.org\/ASN\/scheme\/ASNTopic\/math","prefLabel":"Math"},"dcterms_educationLevel":[{"uri":"http:\/\/purl.org\/ASN\/scheme\/ASNEducationLevel\/9","prefLabel":"9"},{"uri":"http:\/\/purl.org\/ASN\/scheme\/ASNEducationLevel\/10","prefLabel":"10"},{"uri":"http:\/\/purl.org\/ASN\/scheme\/ASNEducationLevel\/11","prefLabel":"11"},{"uri":"http:\/\/purl.org\/ASN\/scheme\/ASNEducationLevel\/12","prefLabel":"12"}],"leaf":"true"}]},{"id":"http:\/\/asn.jesandco.org\/resources\/S1136B83","asn_identifier":"http:\/\/purl.org\/ASN\/resources\/S1136B83","text":"2.3 Expectation: The student will apply concepts of measurement using tools and technology when appropriate.","dcterms_description":{"literal":"2.3 Expectation: The student will apply concepts of measurement using tools and technology when appropriate.","language":"en-US"},"asn_authorityStatus":{"uri":"http:\/\/purl.org\/ASN\/scheme\/ASNAuthorityStatus\/Original","prefLabel":"Original"},"dcterms_language":{"uri":"http:\/\/id.loc.gov\/vocabulary\/iso639-2\/eng","prefLabel":"English"},"asn_indexingStatus":{"uri":"http:\/\/purl.org\/ASN\/scheme\/ASNIndexingStatus\/Yes","prefLabel":"Yes"},"dcterms_subject":{"uri":"http:\/\/purl.org\/ASN\/scheme\/ASNTopic\/math","prefLabel":"Math"},"dcterms_educationLevel":[{"uri":"http:\/\/purl.org\/ASN\/scheme\/ASNEducationLevel\/9","prefLabel":"9"},{"uri":"http:\/\/purl.org\/ASN\/scheme\/ASNEducationLevel\/10","prefLabel":"10"},{"uri":"http:\/\/purl.org\/ASN\/scheme\/ASNEducationLevel\/11","prefLabel":"11"},{"uri":"http:\/\/purl.org\/ASN\/scheme\/ASNEducationLevel\/12","prefLabel":"12"}],"cls":"folder","children":[{"id":"http:\/\/asn.jesandco.org\/resources\/S1136B8C","asn_identifier":"http:\/\/purl.org\/ASN\/resources\/S1136B8C","text":"The student will use algebraic and\/or geometric properties to measure indirectly.","dcterms_description":{"literal":"The student will use algebraic and\/or geometric properties to measure indirectly.","language":"en-US"},"asn_authorityStatus":{"uri":"http:\/\/purl.org\/ASN\/scheme\/ASNAuthorityStatus\/Original","prefLabel":"Original"},"dcterms_language":{"uri":"http:\/\/id.loc.gov\/vocabulary\/iso639-2\/eng","prefLabel":"English"},"asn_statementNotation":"2.3.1","asn_indexingStatus":{"uri":"http:\/\/purl.org\/ASN\/scheme\/ASNIndexingStatus\/Yes","prefLabel":"Yes"},"dcterms_subject":{"uri":"http:\/\/purl.org\/ASN\/scheme\/ASNTopic\/math","prefLabel":"Math"},"dcterms_educationLevel":[{"uri":"http:\/\/purl.org\/ASN\/scheme\/ASNEducationLevel\/9","prefLabel":"9"},{"uri":"http:\/\/purl.org\/ASN\/scheme\/ASNEducationLevel\/10","prefLabel":"10"},{"uri":"http:\/\/purl.org\/ASN\/scheme\/ASNEducationLevel\/11","prefLabel":"11"},{"uri":"http:\/\/purl.org\/ASN\/scheme\/ASNEducationLevel\/12","prefLabel":"12"}],"leaf":"true"},{"id":"http:\/\/asn.jesandco.org\/resources\/S1136B8D","asn_identifier":"http:\/\/purl.org\/ASN\/resources\/S1136B8D","text":"The student will use techniques of measurement and will estimate, calculate, and\/or compare perimeter, circumference, area, volume, and\/or surface area of two-and three-dimensional figures and their parts.","dcterms_description":{"literal":"The student will use techniques of measurement and will estimate, calculate, and\/or compare perimeter, circumference, area, volume, and\/or surface area of two-and three-dimensional figures and their parts.","language":"en-US"},"asn_authorityStatus":{"uri":"http:\/\/purl.org\/ASN\/scheme\/ASNAuthorityStatus\/Original","prefLabel":"Original"},"dcterms_language":{"uri":"http:\/\/id.loc.gov\/vocabulary\/iso639-2\/eng","prefLabel":"English"},"asn_statementNotation":"2.3.2","asn_indexingStatus":{"uri":"http:\/\/purl.org\/ASN\/scheme\/ASNIndexingStatus\/Yes","prefLabel":"Yes"},"dcterms_subject":{"uri":"http:\/\/purl.org\/ASN\/scheme\/ASNTopic\/math","prefLabel":"Math"},"dcterms_educationLevel":[{"uri":"http:\/\/purl.org\/ASN\/scheme\/ASNEducationLevel\/9","prefLabel":"9"},{"uri":"http:\/\/purl.org\/ASN\/scheme\/ASNEducationLevel\/10","prefLabel":"10"},{"uri":"http:\/\/purl.org\/ASN\/scheme\/ASNEducationLevel\/11","prefLabel":"11"},{"uri":"http:\/\/purl.org\/ASN\/scheme\/ASNEducationLevel\/12","prefLabel":"12"}],"leaf":"true"}]}]},{"id":"http:\/\/asn.jesandco.org\/resources\/S1136B7E","asn_identifier":"http:\/\/purl.org\/ASN\/resources\/S1136B7E","text":"Goal 3: Data Analysis and Probability&lt;br \/&gt; The student will demonstrate the ability to apply probability and statistical methods for representing and interpreting data and communicating results, using technology when needed.","dcterms_description":{"literal":"Goal 3: Data Analysis and Probability&lt;br \/&gt; The student will demonstrate the ability to apply probability and statistical methods for representing and interpreting data and communicating results, using technology when needed.","language":"en-US"},"asn_authorityStatus":{"uri":"http:\/\/purl.org\/ASN\/scheme\/ASNAuthorityStatus\/Original","prefLabel":"Original"},"dcterms_language":{"uri":"http:\/\/id.loc.gov\/vocabulary\/iso639-2\/eng","prefLabel":"English"},"asn_indexingStatus":{"uri":"http:\/\/purl.org\/ASN\/scheme\/ASNIndexingStatus\/Yes","prefLabel":"Yes"},"dcterms_subject":{"uri":"http:\/\/purl.org\/ASN\/scheme\/ASNTopic\/math","prefLabel":"Math"},"dcterms_educationLevel":[{"uri":"http:\/\/purl.org\/ASN\/scheme\/ASNEducationLevel\/9","prefLabel":"9"},{"uri":"http:\/\/purl.org\/ASN\/scheme\/ASNEducationLevel\/10","prefLabel":"10"},{"uri":"http:\/\/purl.org\/ASN\/scheme\/ASNEducationLevel\/11","prefLabel":"11"},{"uri":"http:\/\/purl.org\/ASN\/scheme\/ASNEducationLevel\/12","prefLabel":"12"}],"cls":"folder","children":[{"id":"http:\/\/asn.jesandco.org\/resources\/S1136B84","asn_identifier":"http:\/\/purl.org\/ASN\/resources\/S1136B84","text":"3.1 Expectation: The student will collect, organize, analyze, and present data.","dcterms_description":{"literal":"3.1 Expectation: The student will collect, organize, analyze, and present data.","language":"en-US"},"asn_authorityStatus":{"uri":"http:\/\/purl.org\/ASN\/scheme\/ASNAuthorityStatus\/Original","prefLabel":"Original"},"dcterms_language":{"uri":"http:\/\/id.loc.gov\/vocabulary\/iso639-2\/eng","prefLabel":"English"},"asn_indexingStatus":{"uri":"http:\/\/purl.org\/ASN\/scheme\/ASNIndexingStatus\/Yes","prefLabel":"Yes"},"dcterms_subject":{"uri":"http:\/\/purl.org\/ASN\/scheme\/ASNTopic\/math","prefLabel":"Math"},"dcterms_educationLevel":[{"uri":"http:\/\/purl.org\/ASN\/scheme\/ASNEducationLevel\/9","prefLabel":"9"},{"uri":"http:\/\/purl.org\/ASN\/scheme\/ASNEducationLevel\/10","prefLabel":"10"},{"uri":"http:\/\/purl.org\/ASN\/scheme\/ASNEducationLevel\/11","prefLabel":"11"},{"uri":"http:\/\/purl.org\/ASN\/scheme\/ASNEducationLevel\/12","prefLabel":"12"}],"cls":"folder","children":[{"id":"http:\/\/asn.jesandco.org\/resources\/S1136B89","asn_identifier":"http:\/\/purl.org\/ASN\/resources\/S1136B89","text":"The student will design and\/or conduct an investigation that uses statistical methods to analyze data and communicate results.","dcterms_description":{"literal":"The student will design and\/or conduct an investigation that uses statistical methods to analyze data and communicate results.","language":"en-US"},"asn_authorityStatus":{"uri":"http:\/\/purl.org\/ASN\/scheme\/ASNAuthorityStatus\/Original","prefLabel":"Original"},"dcterms_language":{"uri":"http:\/\/id.loc.gov\/vocabulary\/iso639-2\/eng","prefLabel":"English"},"asn_statementNotation":"3.1.1","asn_indexingStatus":{"uri":"http:\/\/purl.org\/ASN\/scheme\/ASNIndexingStatus\/Yes","prefLabel":"Yes"},"dcterms_subject":{"uri":"http:\/\/purl.org\/ASN\/scheme\/ASNTopic\/math","prefLabel":"Math"},"dcterms_educationLevel":[{"uri":"http:\/\/purl.org\/ASN\/scheme\/ASNEducationLevel\/9","prefLabel":"9"},{"uri":"http:\/\/purl.org\/ASN\/scheme\/ASNEducationLevel\/10","prefLabel":"10"},{"uri":"http:\/\/purl.org\/ASN\/scheme\/ASNEducationLevel\/11","prefLabel":"11"},{"uri":"http:\/\/purl.org\/ASN\/scheme\/ASNEducationLevel\/12","prefLabel":"12"}],"leaf":"true"},{"id":"http:\/\/asn.jesandco.org\/resources\/S1136B8A","asn_identifier":"http:\/\/purl.org\/ASN\/resources\/S1136B8A","text":"The student will use the measures of central tendency and\/or variability to make informed conclusions.","dcterms_description":{"literal":"The student will use the measures of central tendency and\/or variability to make informed conclusions.","language":"en-US"},"asn_authorityStatus":{"uri":"http:\/\/purl.org\/ASN\/scheme\/ASNAuthorityStatus\/Original","prefLabel":"Original"},"dcterms_language":{"uri":"http:\/\/id.loc.gov\/vocabulary\/iso639-2\/eng","prefLabel":"English"},"asn_statementNotation":"3.1.2","asn_indexingStatus":{"uri":"http:\/\/purl.org\/ASN\/scheme\/ASNIndexingStatus\/Yes","prefLabel":"Yes"},"dcterms_subject":{"uri":"http:\/\/purl.org\/ASN\/scheme\/ASNTopic\/math","prefLabel":"Math"},"dcterms_educationLevel":[{"uri":"http:\/\/purl.org\/ASN\/scheme\/ASNEducationLevel\/9","prefLabel":"9"},{"uri":"http:\/\/purl.org\/ASN\/scheme\/ASNEducationLevel\/10","prefLabel":"10"},{"uri":"http:\/\/purl.org\/ASN\/scheme\/ASNEducationLevel\/11","prefLabel":"11"},{"uri":"http:\/\/purl.org\/ASN\/scheme\/ASNEducationLevel\/12","prefLabel":"12"}],"leaf":"true"},{"id":"http:\/\/asn.jesandco.org\/resources\/S1136B8B","asn_identifier":"http:\/\/purl.org\/ASN\/resources\/S1136B8B","text":"The student will calculate theoretical probability or use simulations or statistical inference from data to estimate the probability of an event.","dcterms_description":{"literal":"The student will calculate theoretical probability or use simulations or statistical inference from data to estimate the probability of an event.","language":"en-US"},"asn_authorityStatus":{"uri":"http:\/\/purl.org\/ASN\/scheme\/ASNAuthorityStatus\/Original","prefLabel":"Original"},"dcterms_language":{"uri":"http:\/\/id.loc.gov\/vocabulary\/iso639-2\/eng","prefLabel":"English"},"asn_statementNotation":"3.1.3","asn_indexingStatus":{"uri":"http:\/\/purl.org\/ASN\/scheme\/ASNIndexingStatus\/Yes","prefLabel":"Yes"},"dcterms_subject":{"uri":"http:\/\/purl.org\/ASN\/scheme\/ASNTopic\/math","prefLabel":"Math"},"dcterms_educationLevel":[{"uri":"http:\/\/purl.org\/ASN\/scheme\/ASNEducationLevel\/9","prefLabel":"9"},{"uri":"http:\/\/purl.org\/ASN\/scheme\/ASNEducationLevel\/10","prefLabel":"10"},{"uri":"http:\/\/purl.org\/ASN\/scheme\/ASNEducationLevel\/11","prefLabel":"11"},{"uri":"http:\/\/purl.org\/ASN\/scheme\/ASNEducationLevel\/12","prefLabel":"12"}],"leaf":"true"}]},{"id":"http:\/\/asn.jesandco.org\/resources\/S1136B85","asn_identifier":"http:\/\/purl.org\/ASN\/resources\/S1136B85","text":"3.2 Expectation: The student will apply the basic concepts of statistics and probability to predict possible outcomes of real-world situations.","dcterms_description":{"literal":"3.2 Expectation: The student will apply the basic concepts of statistics and probability to predict possible outcomes of real-world situations.","language":"en-US"},"asn_authorityStatus":{"uri":"http:\/\/purl.org\/ASN\/scheme\/ASNAuthorityStatus\/Original","prefLabel":"Original"},"dcterms_language":{"uri":"http:\/\/id.loc.gov\/vocabulary\/iso639-2\/eng","prefLabel":"English"},"asn_indexingStatus":{"uri":"http:\/\/purl.org\/ASN\/scheme\/ASNIndexingStatus\/Yes","prefLabel":"Yes"},"dcterms_subject":{"uri":"http:\/\/purl.org\/ASN\/scheme\/ASNTopic\/math","prefLabel":"Math"},"dcterms_educationLevel":[{"uri":"http:\/\/purl.org\/ASN\/scheme\/ASNEducationLevel\/9","prefLabel":"9"},{"uri":"http:\/\/purl.org\/ASN\/scheme\/ASNEducationLevel\/10","prefLabel":"10"},{"uri":"http:\/\/purl.org\/ASN\/scheme\/ASNEducationLevel\/11","prefLabel":"11"},{"uri":"http:\/\/purl.org\/ASN\/scheme\/ASNEducationLevel\/12","prefLabel":"12"}],"cls":"folder","children":[{"id":"http:\/\/asn.jesandco.org\/resources\/S1136B86","asn_identifier":"http:\/\/purl.org\/ASN\/resources\/S1136B86","text":"The student will make informed decisions and predictions based upon the results of simulations and data from research.","dcterms_description":{"literal":"The student will make informed decisions and predictions based upon the results of simulations and data from research.","language":"en-US"},"asn_authorityStatus":{"uri":"http:\/\/purl.org\/ASN\/scheme\/ASNAuthorityStatus\/Original","prefLabel":"Original"},"dcterms_language":{"uri":"http:\/\/id.loc.gov\/vocabulary\/iso639-2\/eng","prefLabel":"English"},"asn_statementNotation":"3.2.1","asn_indexingStatus":{"uri":"http:\/\/purl.org\/ASN\/scheme\/ASNIndexingStatus\/Yes","prefLabel":"Yes"},"dcterms_subject":{"uri":"http:\/\/purl.org\/ASN\/scheme\/ASNTopic\/math","prefLabel":"Math"},"dcterms_educationLevel":[{"uri":"http:\/\/purl.org\/ASN\/scheme\/ASNEducationLevel\/9","prefLabel":"9"},{"uri":"http:\/\/purl.org\/ASN\/scheme\/ASNEducationLevel\/10","prefLabel":"10"},{"uri":"http:\/\/purl.org\/ASN\/scheme\/ASNEducationLevel\/11","prefLabel":"11"},{"uri":"http:\/\/purl.org\/ASN\/scheme\/ASNEducationLevel\/12","prefLabel":"12"}],"leaf":"true"},{"id":"http:\/\/asn.jesandco.org\/resources\/S1136B87","asn_identifier":"http:\/\/purl.org\/ASN\/resources\/S1136B87","text":"The student will interpret data and\/or make predictions by finding and using a line of best fit and by using a given curve of best fit.","dcterms_description":{"literal":"The student will interpret data and\/or make predictions by finding and using a line of best fit and by using a given curve of best fit.","language":"en-US"},"asn_authorityStatus":{"uri":"http:\/\/purl.org\/ASN\/scheme\/ASNAuthorityStatus\/Original","prefLabel":"Original"},"dcterms_language":{"uri":"http:\/\/id.loc.gov\/vocabulary\/iso639-2\/eng","prefLabel":"English"},"asn_statementNotation":"3.2.2","asn_indexingStatus":{"uri":"http:\/\/purl.org\/ASN\/scheme\/ASNIndexingStatus\/Yes","prefLabel":"Yes"},"dcterms_subject":{"uri":"http:\/\/purl.org\/ASN\/scheme\/ASNTopic\/math","prefLabel":"Math"},"dcterms_educationLevel":[{"uri":"http:\/\/purl.org\/ASN\/scheme\/ASNEducationLevel\/9","prefLabel":"9"},{"uri":"http:\/\/purl.org\/ASN\/scheme\/ASNEducationLevel\/10","prefLabel":"10"},{"uri":"http:\/\/purl.org\/ASN\/scheme\/ASNEducationLevel\/11","prefLabel":"11"},{"uri":"http:\/\/purl.org\/ASN\/scheme\/ASNEducationLevel\/12","prefLabel":"12"}],"leaf":"true"},{"id":"http:\/\/asn.jesandco.org\/resources\/S1136B88","asn_identifier":"http:\/\/purl.org\/ASN\/resources\/S1136B88","text":"The student will communicate the use and misuse of statistics.","dcterms_description":{"literal":"The student will communicate the use and misuse of statistics.","language":"en-US"},"asn_authorityStatus":{"uri":"http:\/\/purl.org\/ASN\/scheme\/ASNAuthorityStatus\/Original","prefLabel":"Original"},"dcterms_language":{"uri":"http:\/\/id.loc.gov\/vocabulary\/iso639-2\/eng","prefLabel":"English"},"asn_statementNotation":"3.2.3","asn_indexingStatus":{"uri":"http:\/\/purl.org\/ASN\/scheme\/ASNIndexingStatus\/Yes","prefLabel":"Yes"},"dcterms_subject":{"uri":"http:\/\/purl.org\/ASN\/scheme\/ASNTopic\/math","prefLabel":"Math"},"dcterms_educationLevel":[{"uri":"http:\/\/purl.org\/ASN\/scheme\/ASNEducationLevel\/9","prefLabel":"9"},{"uri":"http:\/\/purl.org\/ASN\/scheme\/ASNEducationLevel\/10","prefLabel":"10"},{"uri":"http:\/\/purl.org\/ASN\/scheme\/ASNEducationLevel\/11","prefLabel":"11"},{"uri":"http:\/\/purl.org\/ASN\/scheme\/ASNEducationLevel\/12","prefLabel":"12"}],"leaf":"true"}]}]}]