[
  {
    "current_url":null,
    "id":"6929E003BDF44134B147F1905740952B",
    "ccssiSimplifiedDotNotation":"CC",
    "ccssiURI":"http://corestandards.org/2010/math/content/CC",
    "language":"English",
    "authorityStatus":"Original Statement",
    "indexingStatus":"Yes",
    "subject":"Math",
    "cls":"folder",
    "listIdentifier":"CC",
    "ccssiDotNotation":"Math.CC",
    "jurisdiction":"Common Core State Standards Initiative",
    "jurisdictionAbbreviation":"CC"
  },
  {
    "current_url":null,
    "id":"F48AF8DFB7CE49DF90C94BA7481902FE",
    "ccssiSimplifiedDotNotation":"OA",
    "ccssiURI":"http://corestandards.org/2010/math/content/OA",
    "language":"English",
    "authorityStatus":"Original Statement",
    "indexingStatus":"Yes",
    "subject":"Math",
    "cls":"folder",
    "listIdentifier":"OA",
    "ccssiDotNotation":"Math.OA",
    "jurisdiction":"Common Core State Standards Initiative",
    "jurisdictionAbbreviation":"CC"
  },
  {
    "current_url":null,
    "id":"210D7565763843CABAE08DBC543A6D6E",
    "ccssiSimplifiedDotNotation":"NBT",
    "ccssiURI":"http://corestandards.org/2010/math/content/NBT",
    "language":"English",
    "authorityStatus":"Original Statement",
    "indexingStatus":"Yes",
    "subject":"Math",
    "cls":"folder",
    "listIdentifier":"NBT",
    "ccssiDotNotation":"Math.NBT",
    "jurisdiction":"Common Core State Standards Initiative",
    "jurisdictionAbbreviation":"CC"
  },
  {
    "current_url":null,
    "id":"7828D239696340EE84D21AC2264CDCFD",
    "ccssiSimplifiedDotNotation":"NF",
    "ccssiURI":"http://corestandards.org/2010/math/content/NF",
    "language":"English",
    "authorityStatus":"Original Statement",
    "indexingStatus":"Yes",
    "subject":"Math",
    "cls":"folder",
    "listIdentifier":"NF",
    "ccssiDotNotation":"Math.NF",
    "jurisdiction":"Common Core State Standards Initiative",
    "jurisdictionAbbreviation":"CC"
  },
  {
    "current_url":null,
    "id":"37182C1EE5D3416284CA5D5908E3E812",
    "ccssiSimplifiedDotNotation":"MD",
    "ccssiURI":"http://corestandards.org/2010/math/content/MD",
    "language":"English",
    "authorityStatus":"Original Statement",
    "indexingStatus":"Yes",
    "subject":"Math",
    "cls":"folder",
    "listIdentifier":"MD",
    "ccssiDotNotation":"Math.MD",
    "jurisdiction":"Common Core State Standards Initiative",
    "jurisdictionAbbreviation":"CC"
  },
  {
    "current_url":null,
    "id":"B43FE7DADD404270830AC24F30C5C36E",
    "ccssiSimplifiedDotNotation":"G",
    "ccssiURI":"http://corestandards.org/2010/math/content/G",
    "language":"English",
    "authorityStatus":"Original Statement",
    "indexingStatus":"Yes",
    "subject":"Math",
    "cls":"folder",
    "listIdentifier":"G",
    "ccssiDotNotation":"Math.G",
    "jurisdiction":"Common Core State Standards Initiative",
    "jurisdictionAbbreviation":"CC"
  },
  {
    "current_url":null,
    "id":"11B33C5A4F7445ECB29676DE9C2D9D42",
    "ccssiSimplifiedDotNotation":"RP",
    "ccssiURI":"http://corestandards.org/2010/math/content/RP",
    "language":"English",
    "authorityStatus":"Original Statement",
    "indexingStatus":"Yes",
    "subject":"Math",
    "cls":"folder",
    "listIdentifier":"RP",
    "ccssiDotNotation":"Math.RP",
    "jurisdiction":"Common Core State Standards Initiative",
    "jurisdictionAbbreviation":"CC"
  },
  {
    "current_url":null,
    "id":"013AAEA07628418A9E12ADF1DE79A7E2",
    "ccssiSimplifiedDotNotation":"NS",
    "ccssiURI":"http://corestandards.org/2010/math/content/NS",
    "language":"English",
    "authorityStatus":"Original Statement",
    "indexingStatus":"Yes",
    "subject":"Math",
    "cls":"folder",
    "listIdentifier":"NS",
    "ccssiDotNotation":"Math.NS",
    "jurisdiction":"Common Core State Standards Initiative",
    "jurisdictionAbbreviation":"CC"
  },
  {
    "current_url":null,
    "id":"EED81C3776F94D3EA1BBA15E5F2F805C",
    "ccssiSimplifiedDotNotation":"EE",
    "ccssiURI":"http://corestandards.org/2010/math/content/EE",
    "language":"English",
    "authorityStatus":"Original Statement",
    "indexingStatus":"Yes",
    "subject":"Math",
    "cls":"folder",
    "listIdentifier":"EE",
    "ccssiDotNotation":"Math.EE",
    "jurisdiction":"Common Core State Standards Initiative",
    "jurisdictionAbbreviation":"CC"
  },
  {
    "current_url":null,
    "id":"E3916CADF41845CFBA09C80773267E11",
    "ccssiSimplifiedDotNotation":"F",
    "ccssiURI":"http://corestandards.org/2010/math/content/F",
    "language":"English",
    "authorityStatus":"Original Statement",
    "indexingStatus":"Yes",
    "subject":"Math",
    "cls":"folder",
    "listIdentifier":"F",
    "ccssiDotNotation":"Math.F",
    "jurisdiction":"Common Core State Standards Initiative",
    "jurisdictionAbbreviation":"CC"
  },
  {
    "current_url":null,
    "id":"E2FCB3E328684CDA8CFA842DA6A15331",
    "ccssiSimplifiedDotNotation":"SP",
    "ccssiURI":"http://corestandards.org/2010/math/content/SP",
    "language":"English",
    "authorityStatus":"Original Statement",
    "indexingStatus":"Yes",
    "subject":"Math",
    "cls":"folder",
    "listIdentifier":"SP",
    "ccssiDotNotation":"Math.SP",
    "jurisdiction":"Common Core State Standards Initiative",
    "jurisdictionAbbreviation":"CC"
  },
  {
    "current_url":null,
    "id":"FACBB7C696FE475695920CA622B1C855",
    "ccssiSimplifiedDotNotation":"K",
    "ccssiURI":"http://corestandards.org/2010/math/content/k",
    "language":"English",
    "authorityStatus":"Original Statement",
    "indexingStatus":"Yes",
    "subject":"Math",
    "cls":"folder",
    "listIdentifier":"K",
    "ccssiDotNotation":"Math.K",
    "jurisdiction":"Common Core State Standards Initiative",
    "jurisdictionAbbreviation":"CC"
  },
  {
    "current_url":null,
    "id":"C235350E091D437FBE2794CE93FBE949",
    "ccssiSimplifiedDotNotation":"1",
    "ccssiURI":"http://corestandards.org/2010/math/content/1",
    "language":"English",
    "authorityStatus":"Original Statement",
    "indexingStatus":"Yes",
    "subject":"Math",
    "cls":"folder",
    "listIdentifier":"1",
    "ccssiDotNotation":"Math.1",
    "jurisdiction":"Common Core State Standards Initiative",
    "jurisdictionAbbreviation":"CC"
  },
  {
    "current_url":null,
    "id":"A3AEE1DEA89142FF8C0888BF9559372E",
    "ccssiSimplifiedDotNotation":"2",
    "ccssiURI":"http://corestandards.org/2010/math/content/2",
    "language":"English",
    "authorityStatus":"Original Statement",
    "indexingStatus":"Yes",
    "subject":"Math",
    "cls":"folder",
    "listIdentifier":"2",
    "ccssiDotNotation":"Math.2",
    "jurisdiction":"Common Core State Standards Initiative",
    "jurisdictionAbbreviation":"CC"
  },
  {
    "current_url":null,
    "id":"EBA760ECF4EA462BB29A8EFFB583C2B2",
    "ccssiSimplifiedDotNotation":"3",
    "ccssiURI":"http://corestandards.org/2010/math/content/3",
    "language":"English",
    "authorityStatus":"Original Statement",
    "indexingStatus":"Yes",
    "subject":"Math",
    "cls":"folder",
    "listIdentifier":"3",
    "ccssiDotNotation":"Math.3",
    "jurisdiction":"Common Core State Standards Initiative",
    "jurisdictionAbbreviation":"CC"
  },
  {
    "current_url":null,
    "id":"8E1706CB8CF1441EACF0F47230D202D9",
    "ccssiSimplifiedDotNotation":"4",
    "ccssiURI":"http://corestandards.org/2010/math/content/4",
    "language":"English",
    "authorityStatus":"Original Statement",
    "indexingStatus":"Yes",
    "subject":"Math",
    "cls":"folder",
    "listIdentifier":"4",
    "ccssiDotNotation":"Math.4",
    "jurisdiction":"Common Core State Standards Initiative",
    "jurisdictionAbbreviation":"CC"
  },
  {
    "current_url":null,
    "id":"13B02134391845DABB1DF6A2B2173BE2",
    "ccssiSimplifiedDotNotation":"5",
    "ccssiURI":"http://corestandards.org/2010/math/content/5",
    "language":"English",
    "authorityStatus":"Original Statement",
    "indexingStatus":"Yes",
    "subject":"Math",
    "cls":"folder",
    "listIdentifier":"5",
    "ccssiDotNotation":"Math.5",
    "jurisdiction":"Common Core State Standards Initiative",
    "jurisdictionAbbreviation":"CC"
  },
  {
    "current_url":null,
    "id":"6B3F9ACA46334BBABA2E148B2B1ACD15",
    "ccssiSimplifiedDotNotation":"6",
    "ccssiURI":"http://corestandards.org/2010/math/content/6",
    "language":"English",
    "authorityStatus":"Original Statement",
    "indexingStatus":"Yes",
    "subject":"Math",
    "cls":"folder",
    "listIdentifier":"6",
    "ccssiDotNotation":"Math.6",
    "jurisdiction":"Common Core State Standards Initiative",
    "jurisdictionAbbreviation":"CC"
  },
  {
    "current_url":null,
    "id":"AEDBB80AF0204C338CD91F70957BD505",
    "ccssiSimplifiedDotNotation":"7",
    "ccssiURI":"http://corestandards.org/2010/math/content/7",
    "language":"English",
    "authorityStatus":"Original Statement",
    "indexingStatus":"Yes",
    "subject":"Math",
    "cls":"folder",
    "listIdentifier":"7",
    "ccssiDotNotation":"Math.7",
    "jurisdiction":"Common Core State Standards Initiative",
    "jurisdictionAbbreviation":"CC"
  },
  {
    "current_url":null,
    "id":"F4418A89B8AC4E078BAADD2ED71E763A",
    "ccssiSimplifiedDotNotation":"8",
    "ccssiURI":"http://corestandards.org/2010/math/content/8",
    "language":"English",
    "authorityStatus":"Original Statement",
    "indexingStatus":"Yes",
    "subject":"Math",
    "cls":"folder",
    "listIdentifier":"8",
    "ccssiDotNotation":"Math.8",
    "jurisdiction":"Common Core State Standards Initiative",
    "jurisdictionAbbreviation":"CC"
  },
  {
    "current_url":null,
    "id":"98884C74113A4E3FA794D2479088F0DB",
    "ccssiSimplifiedDotNotation":"N",
    "ccssiURI":"http://corestandards.org/2010/math/content/HSN",
    "language":"English",
    "authorityStatus":"Original Statement",
    "indexingStatus":"Yes",
    "subject":"Math",
    "cls":"folder",
    "listIdentifier":"HSN",
    "ccssiDotNotation":"Math.HSN",
    "jurisdiction":"Common Core State Standards Initiative",
    "jurisdictionAbbreviation":"CC"
  },
  {
    "current_url":null,
    "id":"F0DF610EDD5E45959D006940783E6323",
    "ccssiSimplifiedDotNotation":"A",
    "ccssiURI":"http://corestandards.org/2010/math/content/HSA",
    "language":"English",
    "authorityStatus":"Original Statement",
    "indexingStatus":"Yes",
    "subject":"Math",
    "cls":"folder",
    "listIdentifier":"HSA",
    "ccssiDotNotation":"Math.HSA",
    "jurisdiction":"Common Core State Standards Initiative",
    "jurisdictionAbbreviation":"CC"
  },
  {
    "current_url":null,
    "id":"70528DC9029E4ef49E2EF2C909914F7C",
    "ccssiSimplifiedDotNotation":"F",
    "ccssiURI":"http://corestandards.org/2010/math/content/HSF",
    "language":"English",
    "authorityStatus":"Original Statement",
    "indexingStatus":"Yes",
    "subject":"Math",
    "cls":"folder",
    "listIdentifier":"HSF",
    "ccssiDotNotation":"Math.HSF",
    "jurisdiction":"Common Core State Standards Initiative",
    "jurisdictionAbbreviation":"CC"
  },
  {
    "current_url":"http://corestandards.org/the-standards/mathematics/high-school-modeling/introduction/",
    "id":"3128C02C55D64aee8E55EF2D230095D2",
    "ccssiSimplifiedDotNotation":"M",
    "ccssiURI":"http://corestandards.org/2010/math/content/HSM",
    "language":"English",
    "authorityStatus":"Original Statement",
    "indexingStatus":"Yes",
    "subject":"Math",
    "cls":"folder",
    "listIdentifier":"HSM",
    "ccssiDotNotation":"Math.HSM",
    "jurisdiction":"Common Core State Standards Initiative",
    "jurisdictionAbbreviation":"CC"
  },
  {
    "current_url":null,
    "id":"268550F7D2534304B1A580369334A2D4",
    "ccssiSimplifiedDotNotation":"G",
    "ccssiURI":"http://corestandards.org/2010/math/content/HSG",
    "language":"English",
    "authorityStatus":"Original Statement",
    "indexingStatus":"Yes",
    "subject":"Math",
    "cls":"folder",
    "listIdentifier":"HSG",
    "ccssiDotNotation":"Math.HSG",
    "jurisdiction":"Common Core State Standards Initiative",
    "jurisdictionAbbreviation":"CC"
  },
  {
    "current_url":null,
    "id":"9ACAF981C7D94835A2FE2FF9C10A9B3E",
    "ccssiSimplifiedDotNotation":"S",
    "ccssiURI":"http://corestandards.org/2010/math/content/HSS",
    "language":"English",
    "authorityStatus":"Original Statement",
    "indexingStatus":"Yes",
    "subject":"Math",
    "cls":"folder",
    "listIdentifier":"HSS",
    "ccssiDotNotation":"Math.HSS",
    "jurisdiction":"Common Core State Standards Initiative",
    "jurisdictionAbbreviation":"CC"
  }]